--
-- PostgreSQL database dump
--

\restrict egQVoAI0n19Ny0pAR1KfXsu7qrkmlRvAlnpZnT0fB45cEsQOKctjOWrgvFmNjck

-- Dumped from database version 16.11
-- Dumped by pg_dump version 16.11

SET statement_timeout = 0;
SET lock_timeout = 0;
SET idle_in_transaction_session_timeout = 0;
SET client_encoding = 'UTF8';
SET standard_conforming_strings = on;
SELECT pg_catalog.set_config('search_path', '', false);
SET check_function_bodies = false;
SET xmloption = content;
SET client_min_messages = warning;
SET row_security = off;

SET default_tablespace = '';

SET default_table_access_method = heap;

--
-- Name: app_aboutus; Type: TABLE; Schema: public; Owner: infonex
--

CREATE TABLE public.app_aboutus (
    id bigint NOT NULL,
    image character varying(100) NOT NULL,
    text_uz text NOT NULL,
    text_ru text,
    text_en text,
    text_ar text
);


ALTER TABLE public.app_aboutus OWNER TO infonex;

--
-- Name: app_aboutus_id_seq; Type: SEQUENCE; Schema: public; Owner: infonex
--

ALTER TABLE public.app_aboutus ALTER COLUMN id ADD GENERATED BY DEFAULT AS IDENTITY (
    SEQUENCE NAME public.app_aboutus_id_seq
    START WITH 1
    INCREMENT BY 1
    NO MINVALUE
    NO MAXVALUE
    CACHE 1
);


--
-- Name: app_category; Type: TABLE; Schema: public; Owner: infonex
--

CREATE TABLE public.app_category (
    id bigint NOT NULL,
    name_uz character varying(255) NOT NULL,
    name_ru character varying(255),
    name_en character varying(255),
    name_ar character varying(255)
);


ALTER TABLE public.app_category OWNER TO infonex;

--
-- Name: app_category_id_seq; Type: SEQUENCE; Schema: public; Owner: infonex
--

ALTER TABLE public.app_category ALTER COLUMN id ADD GENERATED BY DEFAULT AS IDENTITY (
    SEQUENCE NAME public.app_category_id_seq
    START WITH 1
    INCREMENT BY 1
    NO MINVALUE
    NO MAXVALUE
    CACHE 1
);


--
-- Name: app_comment; Type: TABLE; Schema: public; Owner: infonex
--

CREATE TABLE public.app_comment (
    id bigint NOT NULL,
    image character varying(100) NOT NULL,
    text_uz text NOT NULL,
    text_ru text,
    text_en text,
    text_ar text,
    username_uz character varying(150) NOT NULL,
    username_ru character varying(150),
    username_en character varying(150),
    username_ar character varying(150)
);


ALTER TABLE public.app_comment OWNER TO infonex;

--
-- Name: app_comment_id_seq; Type: SEQUENCE; Schema: public; Owner: infonex
--

ALTER TABLE public.app_comment ALTER COLUMN id ADD GENERATED BY DEFAULT AS IDENTITY (
    SEQUENCE NAME public.app_comment_id_seq
    START WITH 1
    INCREMENT BY 1
    NO MINVALUE
    NO MAXVALUE
    CACHE 1
);


--
-- Name: app_contact; Type: TABLE; Schema: public; Owner: infonex
--

CREATE TABLE public.app_contact (
    id bigint NOT NULL,
    email character varying(254) NOT NULL,
    service_id bigint NOT NULL,
    name character varying(255) NOT NULL,
    message text NOT NULL
);


ALTER TABLE public.app_contact OWNER TO infonex;

--
-- Name: app_contact_id_seq; Type: SEQUENCE; Schema: public; Owner: infonex
--

ALTER TABLE public.app_contact ALTER COLUMN id ADD GENERATED BY DEFAULT AS IDENTITY (
    SEQUENCE NAME public.app_contact_id_seq
    START WITH 1
    INCREMENT BY 1
    NO MINVALUE
    NO MAXVALUE
    CACHE 1
);


--
-- Name: app_faq; Type: TABLE; Schema: public; Owner: infonex
--

CREATE TABLE public.app_faq (
    id bigint NOT NULL,
    question_uz character varying(255) NOT NULL,
    question_en character varying(255) NOT NULL,
    question_ar character varying(255) NOT NULL,
    question_ru character varying(255) NOT NULL,
    answer_uz character varying(255) NOT NULL,
    answer_en character varying(255) NOT NULL,
    answer_ar character varying(255) NOT NULL,
    answer_ru character varying(255) NOT NULL
);


ALTER TABLE public.app_faq OWNER TO infonex;

--
-- Name: app_faq_id_seq; Type: SEQUENCE; Schema: public; Owner: infonex
--

ALTER TABLE public.app_faq ALTER COLUMN id ADD GENERATED BY DEFAULT AS IDENTITY (
    SEQUENCE NAME public.app_faq_id_seq
    START WITH 1
    INCREMENT BY 1
    NO MINVALUE
    NO MAXVALUE
    CACHE 1
);


--
-- Name: app_profession; Type: TABLE; Schema: public; Owner: infonex
--

CREATE TABLE public.app_profession (
    id bigint NOT NULL,
    title_uz character varying(255) NOT NULL,
    title_ru character varying(255),
    title_en character varying(255),
    title_ar character varying(255)
);


ALTER TABLE public.app_profession OWNER TO infonex;

--
-- Name: app_profession_id_seq; Type: SEQUENCE; Schema: public; Owner: infonex
--

ALTER TABLE public.app_profession ALTER COLUMN id ADD GENERATED BY DEFAULT AS IDENTITY (
    SEQUENCE NAME public.app_profession_id_seq
    START WITH 1
    INCREMENT BY 1
    NO MINVALUE
    NO MAXVALUE
    CACHE 1
);


--
-- Name: app_project; Type: TABLE; Schema: public; Owner: infonex
--

CREATE TABLE public.app_project (
    id bigint NOT NULL,
    link character varying(200) NOT NULL,
    year integer NOT NULL,
    title_uz character varying(255) NOT NULL,
    title_ru character varying(255),
    title_en character varying(255),
    title_ar character varying(255),
    description_uz text NOT NULL,
    description_ru text,
    description_en text,
    description_ar text,
    client character varying(255) NOT NULL,
    CONSTRAINT app_project_year_check CHECK ((year >= 0))
);


ALTER TABLE public.app_project OWNER TO infonex;

--
-- Name: app_project_category; Type: TABLE; Schema: public; Owner: infonex
--

CREATE TABLE public.app_project_category (
    id bigint NOT NULL,
    project_id bigint NOT NULL,
    category_id bigint NOT NULL
);


ALTER TABLE public.app_project_category OWNER TO infonex;

--
-- Name: app_project_id_seq; Type: SEQUENCE; Schema: public; Owner: infonex
--

ALTER TABLE public.app_project ALTER COLUMN id ADD GENERATED BY DEFAULT AS IDENTITY (
    SEQUENCE NAME public.app_project_id_seq
    START WITH 1
    INCREMENT BY 1
    NO MINVALUE
    NO MAXVALUE
    CACHE 1
);


--
-- Name: app_project_services; Type: TABLE; Schema: public; Owner: infonex
--

CREATE TABLE public.app_project_services (
    id bigint NOT NULL,
    project_id bigint NOT NULL,
    service_id bigint NOT NULL
);


ALTER TABLE public.app_project_services OWNER TO infonex;

--
-- Name: app_project_services_id_seq; Type: SEQUENCE; Schema: public; Owner: infonex
--

ALTER TABLE public.app_project_services ALTER COLUMN id ADD GENERATED BY DEFAULT AS IDENTITY (
    SEQUENCE NAME public.app_project_services_id_seq
    START WITH 1
    INCREMENT BY 1
    NO MINVALUE
    NO MAXVALUE
    CACHE 1
);


--
-- Name: app_project_type_id_seq; Type: SEQUENCE; Schema: public; Owner: infonex
--

ALTER TABLE public.app_project_category ALTER COLUMN id ADD GENERATED BY DEFAULT AS IDENTITY (
    SEQUENCE NAME public.app_project_type_id_seq
    START WITH 1
    INCREMENT BY 1
    NO MINVALUE
    NO MAXVALUE
    CACHE 1
);


--
-- Name: app_projectimage; Type: TABLE; Schema: public; Owner: infonex
--

CREATE TABLE public.app_projectimage (
    id bigint NOT NULL,
    image character varying(100) NOT NULL,
    project_id bigint NOT NULL,
    is_main boolean NOT NULL
);


ALTER TABLE public.app_projectimage OWNER TO infonex;

--
-- Name: app_projectimage_id_seq; Type: SEQUENCE; Schema: public; Owner: infonex
--

ALTER TABLE public.app_projectimage ALTER COLUMN id ADD GENERATED BY DEFAULT AS IDENTITY (
    SEQUENCE NAME public.app_projectimage_id_seq
    START WITH 1
    INCREMENT BY 1
    NO MINVALUE
    NO MAXVALUE
    CACHE 1
);


--
-- Name: app_service; Type: TABLE; Schema: public; Owner: infonex
--

CREATE TABLE public.app_service (
    id bigint NOT NULL,
    name_uz character varying(255) NOT NULL,
    name_ru character varying(255),
    name_en character varying(255),
    name_ar character varying(255),
    description_uz text,
    description_ru text,
    description_en text,
    description_ar text
);


ALTER TABLE public.app_service OWNER TO infonex;

--
-- Name: app_service_id_seq; Type: SEQUENCE; Schema: public; Owner: infonex
--

ALTER TABLE public.app_service ALTER COLUMN id ADD GENERATED BY DEFAULT AS IDENTITY (
    SEQUENCE NAME public.app_service_id_seq
    START WITH 1
    INCREMENT BY 1
    NO MINVALUE
    NO MAXVALUE
    CACHE 1
);


--
-- Name: app_team; Type: TABLE; Schema: public; Owner: infonex
--

CREATE TABLE public.app_team (
    id bigint NOT NULL,
    image character varying(100) NOT NULL,
    profession_id bigint NOT NULL,
    first_name character varying(150) NOT NULL,
    last_name character varying(150) NOT NULL
);


ALTER TABLE public.app_team OWNER TO infonex;

--
-- Name: app_team_id_seq; Type: SEQUENCE; Schema: public; Owner: infonex
--

ALTER TABLE public.app_team ALTER COLUMN id ADD GENERATED BY DEFAULT AS IDENTITY (
    SEQUENCE NAME public.app_team_id_seq
    START WITH 1
    INCREMENT BY 1
    NO MINVALUE
    NO MAXVALUE
    CACHE 1
);


--
-- Name: auth_group; Type: TABLE; Schema: public; Owner: infonex
--

CREATE TABLE public.auth_group (
    id integer NOT NULL,
    name character varying(150) NOT NULL
);


ALTER TABLE public.auth_group OWNER TO infonex;

--
-- Name: auth_group_id_seq; Type: SEQUENCE; Schema: public; Owner: infonex
--

ALTER TABLE public.auth_group ALTER COLUMN id ADD GENERATED BY DEFAULT AS IDENTITY (
    SEQUENCE NAME public.auth_group_id_seq
    START WITH 1
    INCREMENT BY 1
    NO MINVALUE
    NO MAXVALUE
    CACHE 1
);


--
-- Name: auth_group_permissions; Type: TABLE; Schema: public; Owner: infonex
--

CREATE TABLE public.auth_group_permissions (
    id bigint NOT NULL,
    group_id integer NOT NULL,
    permission_id integer NOT NULL
);


ALTER TABLE public.auth_group_permissions OWNER TO infonex;

--
-- Name: auth_group_permissions_id_seq; Type: SEQUENCE; Schema: public; Owner: infonex
--

ALTER TABLE public.auth_group_permissions ALTER COLUMN id ADD GENERATED BY DEFAULT AS IDENTITY (
    SEQUENCE NAME public.auth_group_permissions_id_seq
    START WITH 1
    INCREMENT BY 1
    NO MINVALUE
    NO MAXVALUE
    CACHE 1
);


--
-- Name: auth_permission; Type: TABLE; Schema: public; Owner: infonex
--

CREATE TABLE public.auth_permission (
    id integer NOT NULL,
    name character varying(255) NOT NULL,
    content_type_id integer NOT NULL,
    codename character varying(100) NOT NULL
);


ALTER TABLE public.auth_permission OWNER TO infonex;

--
-- Name: auth_permission_id_seq; Type: SEQUENCE; Schema: public; Owner: infonex
--

ALTER TABLE public.auth_permission ALTER COLUMN id ADD GENERATED BY DEFAULT AS IDENTITY (
    SEQUENCE NAME public.auth_permission_id_seq
    START WITH 1
    INCREMENT BY 1
    NO MINVALUE
    NO MAXVALUE
    CACHE 1
);


--
-- Name: auth_user; Type: TABLE; Schema: public; Owner: infonex
--

CREATE TABLE public.auth_user (
    id integer NOT NULL,
    password character varying(128) NOT NULL,
    last_login timestamp with time zone,
    is_superuser boolean NOT NULL,
    username character varying(150) NOT NULL,
    first_name character varying(150) NOT NULL,
    last_name character varying(150) NOT NULL,
    email character varying(254) NOT NULL,
    is_staff boolean NOT NULL,
    is_active boolean NOT NULL,
    date_joined timestamp with time zone NOT NULL
);


ALTER TABLE public.auth_user OWNER TO infonex;

--
-- Name: auth_user_groups; Type: TABLE; Schema: public; Owner: infonex
--

CREATE TABLE public.auth_user_groups (
    id bigint NOT NULL,
    user_id integer NOT NULL,
    group_id integer NOT NULL
);


ALTER TABLE public.auth_user_groups OWNER TO infonex;

--
-- Name: auth_user_groups_id_seq; Type: SEQUENCE; Schema: public; Owner: infonex
--

ALTER TABLE public.auth_user_groups ALTER COLUMN id ADD GENERATED BY DEFAULT AS IDENTITY (
    SEQUENCE NAME public.auth_user_groups_id_seq
    START WITH 1
    INCREMENT BY 1
    NO MINVALUE
    NO MAXVALUE
    CACHE 1
);


--
-- Name: auth_user_id_seq; Type: SEQUENCE; Schema: public; Owner: infonex
--

ALTER TABLE public.auth_user ALTER COLUMN id ADD GENERATED BY DEFAULT AS IDENTITY (
    SEQUENCE NAME public.auth_user_id_seq
    START WITH 1
    INCREMENT BY 1
    NO MINVALUE
    NO MAXVALUE
    CACHE 1
);


--
-- Name: auth_user_user_permissions; Type: TABLE; Schema: public; Owner: infonex
--

CREATE TABLE public.auth_user_user_permissions (
    id bigint NOT NULL,
    user_id integer NOT NULL,
    permission_id integer NOT NULL
);


ALTER TABLE public.auth_user_user_permissions OWNER TO infonex;

--
-- Name: auth_user_user_permissions_id_seq; Type: SEQUENCE; Schema: public; Owner: infonex
--

ALTER TABLE public.auth_user_user_permissions ALTER COLUMN id ADD GENERATED BY DEFAULT AS IDENTITY (
    SEQUENCE NAME public.auth_user_user_permissions_id_seq
    START WITH 1
    INCREMENT BY 1
    NO MINVALUE
    NO MAXVALUE
    CACHE 1
);


--
-- Name: django_admin_log; Type: TABLE; Schema: public; Owner: infonex
--

CREATE TABLE public.django_admin_log (
    id integer NOT NULL,
    action_time timestamp with time zone NOT NULL,
    object_id text,
    object_repr character varying(200) NOT NULL,
    action_flag smallint NOT NULL,
    change_message text NOT NULL,
    content_type_id integer,
    user_id integer NOT NULL,
    CONSTRAINT django_admin_log_action_flag_check CHECK ((action_flag >= 0))
);


ALTER TABLE public.django_admin_log OWNER TO infonex;

--
-- Name: django_admin_log_id_seq; Type: SEQUENCE; Schema: public; Owner: infonex
--

ALTER TABLE public.django_admin_log ALTER COLUMN id ADD GENERATED BY DEFAULT AS IDENTITY (
    SEQUENCE NAME public.django_admin_log_id_seq
    START WITH 1
    INCREMENT BY 1
    NO MINVALUE
    NO MAXVALUE
    CACHE 1
);


--
-- Name: django_content_type; Type: TABLE; Schema: public; Owner: infonex
--

CREATE TABLE public.django_content_type (
    id integer NOT NULL,
    app_label character varying(100) NOT NULL,
    model character varying(100) NOT NULL
);


ALTER TABLE public.django_content_type OWNER TO infonex;

--
-- Name: django_content_type_id_seq; Type: SEQUENCE; Schema: public; Owner: infonex
--

ALTER TABLE public.django_content_type ALTER COLUMN id ADD GENERATED BY DEFAULT AS IDENTITY (
    SEQUENCE NAME public.django_content_type_id_seq
    START WITH 1
    INCREMENT BY 1
    NO MINVALUE
    NO MAXVALUE
    CACHE 1
);


--
-- Name: django_migrations; Type: TABLE; Schema: public; Owner: infonex
--

CREATE TABLE public.django_migrations (
    id bigint NOT NULL,
    app character varying(255) NOT NULL,
    name character varying(255) NOT NULL,
    applied timestamp with time zone NOT NULL
);


ALTER TABLE public.django_migrations OWNER TO infonex;

--
-- Name: django_migrations_id_seq; Type: SEQUENCE; Schema: public; Owner: infonex
--

ALTER TABLE public.django_migrations ALTER COLUMN id ADD GENERATED BY DEFAULT AS IDENTITY (
    SEQUENCE NAME public.django_migrations_id_seq
    START WITH 1
    INCREMENT BY 1
    NO MINVALUE
    NO MAXVALUE
    CACHE 1
);


--
-- Name: django_session; Type: TABLE; Schema: public; Owner: infonex
--

CREATE TABLE public.django_session (
    session_key character varying(40) NOT NULL,
    session_data text NOT NULL,
    expire_date timestamp with time zone NOT NULL
);


ALTER TABLE public.django_session OWNER TO infonex;

--
-- Data for Name: app_aboutus; Type: TABLE DATA; Schema: public; Owner: infonex
--

COPY public.app_aboutus (id, image, text_uz, text_ru, text_en, text_ar) FROM stdin;
3	about/cat.jpg	Infonex — 2025 yildan boshlab IT sohasida professional xizmatlar ko‘rsatib kelayotgan zamonaviy texnologik kompaniya. Biz biznes jarayonlarini raqamlashtirish, avtomatlashtirish va samaradorligini oshirishga qaratilgan innovatsion IT yechimlarni ishlab chiqamiz. Har bir loyiha mijoz ehtiyojidan kelib chiqib, sifat, xavfsizlik va qulaylik tamoyillari asosida amalga oshiriladi. Bizning maqsadimiz — mijozlarimizga zamonaviy texnologiyalar orqali real natija beradigan, ishonchli va uzoq muddatli IT yechimlar taklif qilish	Infonex — современная технологическая компания, предоставляющая профессиональные IT-услуги с 2025 года. Мы разрабатываем инновационные IT-решения, направленные на цифровизацию, автоматизацию и повышение эффективности бизнес-процессов. Каждый проект выполняется с учётом потребностей клиента, соблюдая принципы качества, безопасности и удобства. Наша цель — предоставлять надёжные и долгосрочные IT-решения, которые приносят реальные результаты нашим клиентам с помощью современных технологий.	Infonex is a modern technology company providing professional IT services since 2025. We develop innovative IT solutions aimed at digitizing, automating, and improving the efficiency of business processes. Each project is carried out based on client needs, following principles of quality, security, and convenience. Our goal is to offer reliable and long-term IT solutions that deliver real results to our clients through modern technologies	إنفونكس هي شركة تكنولوجية حديثة تقدم خدمات تقنية احترافية منذ عام 2025. نقوم بتطوير حلول IT مبتكرة تهدف إلى رقمنة الأعمال وأتمتتها وزيادة كفاءتها. يتم تنفيذ كل مشروع وفقًا لاحتياجات العميل مع الالتزام بمبادئ الجودة والأمان والراحة. هدفنا هو تقديم حلول IT موثوقة وطويلة الأمد تحقق نتائج حقيقية لعملائنا من خلال التقنيات الحديثة.
\.


--
-- Data for Name: app_category; Type: TABLE DATA; Schema: public; Owner: infonex
--

COPY public.app_category (id, name_uz, name_ru, name_en, name_ar) FROM stdin;
\.


--
-- Data for Name: app_comment; Type: TABLE DATA; Schema: public; Owner: infonex
--

COPY public.app_comment (id, image, text_uz, text_ru, text_en, text_ar, username_uz, username_ru, username_en, username_ar) FROM stdin;
1	comments/img.jpg	Men kompaniyamni raqamlashtirish maqsadida Infonex compniyasiga murojaat qilgandim, men xoxlagandanda yaxshiroq proyekt qilib berishdi.....	Я обратился в компанию Infonex с целью цифровизации моей компании, и они разработали проект даже лучше, чем я ожидал.	I contacted Infonex company to digitalize my business, and they delivered a project that was even better than I had expected.	تواصلتُ مع شركة Infonex بهدف رقمنة شركتي، وقد قدموا مشروعًا أفضل مما كنت أتوقع.	test	\N	\N	\N
4	comments/img_Kzagd3L.jpg	Biz kompaniyamizni raqamlashtirish uchun Infonex jamoasiga murojaat qildik. Ular nafaqat talablarimizni to‘liq tushunishdi, balki kutilganidan ham yaxshiroq yechim taklif qilishdi. Professional yondashuv va sifatli natija uchun rahmat.				test3	\N	\N	\N
5	comments/img_PfJXNVD.jpg	Infonex bilan hamkorlik qilishdan juda mamnunmiz. Tezkor, ishonchli va zamonaviy IT yechimlar. Tavsiya qilamiz!				test4	\N	\N	\N
3	comments/img_s1oRcrC.jpg	IT sohasida eng zorlaridan biri deb bilaman Infonex companiyasini...	Я считаю компанию Infonex одной из лучших в сфере IT.	I consider Infonex to be one of the best companies in the IT industry.	I consider Infonex to be one of the best companies in the IT industry.	test2	\N	\N	\N
\.


--
-- Data for Name: app_contact; Type: TABLE DATA; Schema: public; Owner: infonex
--

COPY public.app_contact (id, email, service_id, name, message) FROM stdin;
\.


--
-- Data for Name: app_faq; Type: TABLE DATA; Schema: public; Owner: infonex
--

COPY public.app_faq (id, question_uz, question_en, question_ar, question_ru, answer_uz, answer_en, answer_ar, answer_ru) FROM stdin;
\.


--
-- Data for Name: app_profession; Type: TABLE DATA; Schema: public; Owner: infonex
--

COPY public.app_profession (id, title_uz, title_ru, title_en, title_ar) FROM stdin;
\.


--
-- Data for Name: app_project; Type: TABLE DATA; Schema: public; Owner: infonex
--

COPY public.app_project (id, link, year, title_uz, title_ru, title_en, title_ar, description_uz, description_ru, description_en, description_ar, client) FROM stdin;
\.


--
-- Data for Name: app_project_category; Type: TABLE DATA; Schema: public; Owner: infonex
--

COPY public.app_project_category (id, project_id, category_id) FROM stdin;
\.


--
-- Data for Name: app_project_services; Type: TABLE DATA; Schema: public; Owner: infonex
--

COPY public.app_project_services (id, project_id, service_id) FROM stdin;
\.


--
-- Data for Name: app_projectimage; Type: TABLE DATA; Schema: public; Owner: infonex
--

COPY public.app_projectimage (id, image, project_id, is_main) FROM stdin;
\.


--
-- Data for Name: app_service; Type: TABLE DATA; Schema: public; Owner: infonex
--

COPY public.app_service (id, name_uz, name_ru, name_en, name_ar, description_uz, description_ru, description_en, description_ar) FROM stdin;
5	Server, Cloud & DevOps	Серверы, облачные технологии и DevOps	Server, Cloud & DevOps	إدارة الخوادم والسحابة وعمليات التطوير والتشغيل	Biz server infratuzilmasini loyihalash, sozlash va optimallashtirish xizmatlarini taqdim etamiz. Cloud yechimlar, DevOps jarayonlari, xavfsizlik, monitoring va uzluksiz ishlash — barchasi professional darajada amalga oshiriladi	Мы предоставляем услуги по проектированию, настройке и оптимизации серверной инфраструктуры. Облачные решения, процессы DevOps, безопасность, мониторинг и непрерывная работа — всё выполняется на профессиональном уровне	We provide services for designing, configuring, and optimizing server infrastructure. Cloud solutions, DevOps processes, security, monitoring, and continuous operation — all carried out at a professional level	نحن نقدم خدمات تصميم وإعداد وتحسين البنية التحتية للخوادم. حلول السحابة، عمليات التطوير والتشغيل، الأمن، المراقبة وضمان التشغيل المستمر — كل ذلك يتم على مستوى احترافي
8	Mobile Development (Android & iOS)	Мобильная разработка (Android и iOS)	Mobile Development (Android & iOS)	تطوير التطبيقات المحمولة	Android va iOS platformalari uchun premium darajadagi mobil ilovalar yaratamiz. Foydalanuvchi tajribasi (UX), vizual dizayn va texnik barqarorlik uyg‘unlashgan holda, ilovalar professional jamoa tomonidan to‘liq sikl asosida ishlab chiqiladi — g‘oyadan tortib production’gacha	Мы создаём премиальные мобильные приложения для платформ Android и iOS. Совмещая пользовательский опыт (UX), визуальный дизайн и техническую стабильность, приложения разрабатываются профессиональной командой в полном цикле — от идеи до запуска в производство	We create premium mobile applications for Android and iOS platforms. Combining user experience (UX), visual design, and technical stability, applications are developed by a professional team through a complete cycle — from concept to production	نحن نصمم تطبيقات محمولة متميزة لمنصات Android و iOS. مع الجمع بين تجربة المستخدم (UX) والتصميم البصري والاستقرار التقني، يتم تطوير التطبيقات بواسطة فريق محترف خلال دورة كاملة — من الفكرة إلى الإنتاج
10	Integratsiya & Analitika	Интеграция и аналитика	Integration & Analytics	التكامل والتحليلات	To‘lov tizimlari, SMS/Email servislar, tashqi API’lar va biznes analitika vositalari bilan integratsiyalarni amalga oshiramiz. Ma’lumotlar asosida qaror qabul qilish uchun kuchli hisobot va monitoring tizimlari yaratiladi	Мы осуществляем интеграции с платёжными системами, SMS/Email сервисами, внешними API и инструментами бизнес-аналитики. Создаются мощные системы отчётности и мониторинга для принятия решений на основе данных	We implement integrations with payment systems, SMS/Email services, external APIs, and business analytics tools. Powerful reporting and monitoring systems are created to enable data-driven decision making	نقوم بتنفيذ التكامل مع أنظمة الدفع، وخدمات الرسائل القصيرة والبريد الإلكتروني، وواجهات برمجة التطبيقات الخارجية، وأدوات تحليل الأعمال. يتم إنشاء أنظمة قوية للتقارير والمراقبة لتمكين اتخاذ القرارات بناءً على البيانات
11	Axborot Xavfsizligi	Информационная безопасность	Information Security	أمن المعلومات	Web ilovalar, API va tizimlar uchun xavfsizlik auditlari o‘tkazamiz. Ma’lumotlarni himoyalash, foydalanuvchi rollari va kirish nazorati xalqaro xavfsizlik standartlari asosida yo‘lga qo‘yiladi	Мы проводим аудиты безопасности для веб-приложений, API и систем. Защита данных, управление ролями пользователей и контроль доступа реализуются в соответствии с международными стандартами безопасности	We conduct security audits for web applications, APIs, and systems. Data protection, user roles, and access control are implemented based on international security standards	نقوم بإجراء تدقيقات أمنية لتطبيقات الويب وواجهات برمجة التطبيقات (APIs) والأنظمة. يتم تنفيذ حماية البيانات وأدوار المستخدمين والتحكم في الوصول وفقًا للمعايير الدولية للأمن
9	CRM / ERP Tizimlar	Системы CRM / ERP	CRM / ERP Systems	أنظمة CRM / ERP	Biznes jarayonlarini avtomatlashtirish uchun individual CRM va ERP tizimlar ishlab chiqamiz. Savdo, mijozlar bilan ishlash, hisobotlar, nazorat va boshqaruv yagona tizimga birlashtiriladi. Tizimlar kompaniyangiz o‘sishiga mos ravishda kengaytiriladigan qilib yaratiladi	Мы разрабатываем индивидуальные CRM и ERP системы для автоматизации бизнес-процессов. Продажи, работа с клиентами, отчётность, контроль и управление объединяются в единую систему. Системы создаются с возможностью масштабирования, подстраиваясь под рост вашей компании	We develop custom CRM and ERP systems to automate business processes. Sales, customer management, reporting, control, and administration are integrated into a single system. The systems are designed to be scalable, adapting to the growth of your company	نقوم بتطوير أنظمة CRM و ERP مخصصة لأتمتة العمليات التجارية. يتم دمج المبيعات وإدارة العملاء والتقارير والمراقبة والإدارة في نظام واحد. تم تصميم الأنظمة لتكون قابلة للتوسع، لتتكيف مع نمو شركتكم
4	IT Konsalting & Texnik Qo‘llab-quvvatlash	IT-консалтинг и техническая поддержка	IT Consulting & Technical Support	الاستشارات التقنية ودعم تكنولوجيا المعلومات	Biz mijozlarga nafaqat texnik ijrochi, balki strategik IT hamkor sifatida xizmat qilamiz. Texnik topshiriqlar (ТЗ), arxitektura, texnologiya tanlash va uzoq muddatli support xizmatlari taqdim etiladi	Мы работаем с клиентами не только как технические исполнители, но и как стратегические IT-партнёры. Предоставляем разработку технической документации (ТЗ), проектирование архитектуры, подбор технологий и услуги долгосрочной технической поддержки	We serve our clients not only as technical executors, but as strategic IT partners. We provide technical documentation (TT), system architecture design, technology selection, and long-term support services	نقدّم لعملائنا خدماتنا ليس فقط كمنفّذين تقنيين، بل كشركاء استراتيجيين في مجال تكنولوجيا المعلومات. نوفر إعداد المتطلبات الفنية، تصميم بنية الأنظمة، اختيار التقنيات المناسبة، وخدمات الدعم الفني طويلة الأمد
6	UI/UX & Product Design	Дизайн интерфейса и пользовательского опыта и дизайн продукта	UI/UX & Product Design	تصميم واجهة المستخدم وتجربة المستخدم وتصميم المنتجات	Premium mahsulotlar kuchli dizayndan boshlanadi. Biz web va mobil ilovalar uchun zamonaviy, intuitiv va biznesga yo‘naltirilgan UI/UX dizaynlar yaratamiz. Prototiplash va foydalanuvchi tahlili dizayn jarayonining ajralmas qismi hisoblanadi	Премиальные продукты начинаются с сильного дизайна. Мы создаём современные, интуитивные и ориентированные на бизнес UI/UX-дизайны для веб- и мобильных приложений. Прототипирование и анализ пользователей являются неотъемлемой частью процесса дизайна	Premium products start with strong design. We create modern, intuitive, and business-oriented UI/UX designs for web and mobile applications. Prototyping and user analysis are an integral part of the design process	تبدأ المنتجات المتميزة بتصميم قوي. نحن نصمم واجهات وتجارب مستخدم حديثة وبديهية وموجهة نحو الأعمال للتطبيقات الويب والمحمولة. يُعدّ إنشاء النماذج الأولية وتحليل المستخدم جزءاً لا يتجزأ من عملية التصميم
7	Web Development	Веб-разработка	Web Development	تطوير الويب	Biz murakkab va yuqori yuklamaga mo‘ljallangan web platformalarni ishlab chiqamiz. Korporativ veb-saytlar, SaaS mahsulotlar, admin panellar va maxsus web ilovalar zamonaviy texnologiyalar hamda barqaror arxitektura asosida yaratiladi. Har bir loyiha tezkorlik, xavfsizlik va kengaytirilish imkoniyati hisobga olingan holda ishlab chiqiladi	Мы разрабатываем сложные веб-платформы с высокой нагрузкой. Корпоративные веб-сайты, продукты SaaS, панели администратора и кастомные веб-приложения создаются с использованием современных технологий и стабильной архитектуры. Каждый проект разрабатывается с учётом скорости, безопасности и масштабируемости	We develop complex, high-load web platforms. Corporate websites, SaaS products, admin panels, and custom web applications are created using modern technologies and a stable architecture. Each project is designed with speed, security, and scalability in mind	نحن نطور منصات ويب معقدة وعالية التحمل. تُنشأ المواقع الإلكترونية للشركات، ومنتجات SaaS، ولوحات الإدارة، وتطبيقات الويب المخصصة باستخدام تقنيات حديثة وبنية مستقرة. يتم تصميم كل مشروع مع مراعاة السرعة والأمان وقابلية التوسع
\.


--
-- Data for Name: app_team; Type: TABLE DATA; Schema: public; Owner: infonex
--

COPY public.app_team (id, image, profession_id, first_name, last_name) FROM stdin;
\.


--
-- Data for Name: auth_group; Type: TABLE DATA; Schema: public; Owner: infonex
--

COPY public.auth_group (id, name) FROM stdin;
\.


--
-- Data for Name: auth_group_permissions; Type: TABLE DATA; Schema: public; Owner: infonex
--

COPY public.auth_group_permissions (id, group_id, permission_id) FROM stdin;
\.


--
-- Data for Name: auth_permission; Type: TABLE DATA; Schema: public; Owner: infonex
--

COPY public.auth_permission (id, name, content_type_id, codename) FROM stdin;
1	Can add log entry	1	add_logentry
2	Can change log entry	1	change_logentry
3	Can delete log entry	1	delete_logentry
4	Can view log entry	1	view_logentry
5	Can add permission	2	add_permission
6	Can change permission	2	change_permission
7	Can delete permission	2	delete_permission
8	Can view permission	2	view_permission
9	Can add group	3	add_group
10	Can change group	3	change_group
11	Can delete group	3	delete_group
12	Can view group	3	view_group
13	Can add user	4	add_user
14	Can change user	4	change_user
15	Can delete user	4	delete_user
16	Can view user	4	view_user
17	Can add content type	5	add_contenttype
18	Can change content type	5	change_contenttype
19	Can delete content type	5	delete_contenttype
20	Can view content type	5	view_contenttype
21	Can add session	6	add_session
22	Can change session	6	change_session
23	Can delete session	6	delete_session
24	Can view session	6	view_session
25	Can add about us	7	add_aboutus
26	Can change about us	7	change_aboutus
27	Can delete about us	7	delete_aboutus
28	Can view about us	7	view_aboutus
29	Can add category	8	add_category
30	Can change category	8	change_category
31	Can delete category	8	delete_category
32	Can view category	8	view_category
33	Can add profession	9	add_profession
34	Can change profession	9	change_profession
35	Can delete profession	9	delete_profession
36	Can view profession	9	view_profession
37	Can add service	10	add_service
38	Can change service	10	change_service
39	Can delete service	10	delete_service
40	Can view service	10	view_service
41	Can add project	11	add_project
42	Can change project	11	change_project
43	Can delete project	11	delete_project
44	Can view project	11	view_project
45	Can add project image	12	add_projectimage
46	Can change project image	12	change_projectimage
47	Can delete project image	12	delete_projectimage
48	Can view project image	12	view_projectimage
49	Can add contact	13	add_contact
50	Can change contact	13	change_contact
51	Can delete contact	13	delete_contact
52	Can view contact	13	view_contact
53	Can add team	14	add_team
54	Can change team	14	change_team
55	Can delete team	14	delete_team
56	Can view team	14	view_team
57	Can add comment	15	add_comment
58	Can change comment	15	change_comment
59	Can delete comment	15	delete_comment
60	Can view comment	15	view_comment
61	Can add faq	16	add_faq
62	Can change faq	16	change_faq
63	Can delete faq	16	delete_faq
64	Can view faq	16	view_faq
\.


--
-- Data for Name: auth_user; Type: TABLE DATA; Schema: public; Owner: infonex
--

COPY public.auth_user (id, password, last_login, is_superuser, username, first_name, last_name, email, is_staff, is_active, date_joined) FROM stdin;
1	pbkdf2_sha256$1000000$Pq6StvHUuCiiv7sGrQFy5T$MsIfzBGlLgyYHu/+1Plf6iTlqNetgkhH3DIpIZJ0lJ4=	2026-01-15 10:27:02.150935+00	t	admin				t	t	2026-01-15 10:03:36.879468+00
\.


--
-- Data for Name: auth_user_groups; Type: TABLE DATA; Schema: public; Owner: infonex
--

COPY public.auth_user_groups (id, user_id, group_id) FROM stdin;
\.


--
-- Data for Name: auth_user_user_permissions; Type: TABLE DATA; Schema: public; Owner: infonex
--

COPY public.auth_user_user_permissions (id, user_id, permission_id) FROM stdin;
\.


--
-- Data for Name: django_admin_log; Type: TABLE DATA; Schema: public; Owner: infonex
--

COPY public.django_admin_log (id, action_time, object_id, object_repr, action_flag, change_message, content_type_id, user_id) FROM stdin;
1	2026-01-15 10:09:50.404308+00	1	About Us	1	[{"added": {}}]	7	1
2	2026-01-15 10:10:34.910916+00	1	About Us	3		7	1
3	2026-01-15 10:11:29.180243+00	2	About Us	1	[{"added": {}}]	7	1
4	2026-01-15 10:13:49.377691+00	1	Web Development	1	[{"added": {}}]	10	1
5	2026-01-15 10:14:56.419273+00	2	Mobile Development (Android & iOS)	1	[{"added": {}}]	10	1
6	2026-01-15 10:16:18.157664+00	3	CRM / ERP Tizimlar	1	[{"added": {}}]	10	1
7	2026-01-15 10:23:28.385101+00	1	IT Konsalting & Texnik Qo‘llab-quvvatlash	2	[{"changed": {"fields": ["Name uz", "Description uz"]}}]	10	1
8	2026-01-15 10:28:08.868598+00	2	About Us	2	[{"changed": {"fields": ["Image"]}}]	7	1
9	2026-01-15 10:28:09.34303+00	2	About Us	2	[{"changed": {"fields": ["Text uz"]}}]	7	1
10	2026-01-15 10:29:05.88821+00	2	About Us	2	[{"changed": {"fields": ["Image"]}}]	7	1
11	2026-01-15 10:30:31.630454+00	2	About Us	2	[{"changed": {"fields": ["Image"]}}]	7	1
12	2026-01-15 10:31:56.813485+00	3	About Us	1	[{"added": {}}]	7	1
13	2026-01-15 10:36:44.953128+00	1	test	1	[{"added": {}}]	9	1
14	2026-01-15 10:37:50.151372+00	1	test	3		9	1
15	2026-01-15 10:38:53.42017+00	3	CRM / ERP Tizimlar	3		10	1
16	2026-01-15 10:38:53.420244+00	1	IT Konsalting & Texnik Qo‘llab-quvvatlash	3		10	1
17	2026-01-15 10:38:53.420266+00	2	Mobile Development (Android & iOS)	3		10	1
18	2026-01-15 10:39:25.953564+00	4	IT Konsalting & Texnik Qo‘llab-quvvatlash	1	[{"added": {}}]	10	1
19	2026-01-15 10:40:16.073235+00	5	Server, Cloud & DevOps	1	[{"added": {}}]	10	1
20	2026-01-15 10:41:10.583792+00	6	UI/UX & Product Design	1	[{"added": {}}]	10	1
21	2026-01-15 10:41:38.492446+00	7	Web Development	1	[{"added": {}}]	10	1
22	2026-01-15 10:42:02.362085+00	8	Mobile Development (Android & iOS)	1	[{"added": {}}]	10	1
23	2026-01-15 10:44:16.947533+00	9	CRM / ERP Tizimlar	1	[{"added": {}}]	10	1
24	2026-01-15 10:44:59.502213+00	10	Integratsiya & Analitika	1	[{"added": {}}]	10	1
25	2026-01-15 10:45:41.576068+00	11	Axborot Xavfsizligi	1	[{"added": {}}]	10	1
26	2026-01-15 10:46:22.016215+00	1	test: Men kompaniyamni raqamlashtiri	1	[{"added": {}}]	15	1
27	2026-01-15 10:48:18.677692+00	1	test: Men kompaniyamni raqamlashtiri	2	[{"changed": {"fields": ["Text uz"]}}]	15	1
28	2026-01-15 10:54:09.173887+00	1	test: Men kompaniyamni raqamlashtiri	2	[{"changed": {"fields": ["Text ru", "Text en", "Text ar"]}}]	15	1
29	2026-01-15 11:07:57.236866+00	4	IT Konsalting & Texnik Qo‘llab-quvvatlash	2	[{"changed": {"fields": ["Description uz", "Name ru", "Description ru", "Name en", "Description en", "Name ar", "Description ar"]}}]	10	1
30	2026-01-15 11:19:18.399366+00	5	Server, Cloud & DevOps	2	[{"changed": {"fields": ["Name ru"]}}]	10	1
31	2026-01-15 11:19:55.7884+00	1	w	1	[{"added": {}}]	8	1
32	2026-01-15 11:20:02.154629+00	2	as	1	[{"added": {}}]	8	1
33	2026-01-15 11:21:08.919977+00	2	a: saresgdg	1	[{"added": {}}]	15	1
34	2026-01-15 11:40:00.752827+00	3	test2: IT sohasida eng zorlaridan bir	1	[{"added": {}}]	15	1
35	2026-01-15 11:42:59.526589+00	4	test3: Biz kompaniyamizni raqamlashti	1	[{"added": {}}]	15	1
36	2026-01-15 11:43:36.688625+00	5	test4: Infonex bilan hamkorlik qilish	1	[{"added": {}}]	15	1
37	2026-01-15 11:44:18.427232+00	5	Server, Cloud & DevOps	2	[{"changed": {"fields": ["Name ru", "Description ru", "Name en", "Description en", "Name ar", "Description ar"]}}]	10	1
38	2026-01-15 11:47:28.213712+00	6	UI/UX & Product Design	2	[{"changed": {"fields": ["Name ru", "Description ru", "Name en", "Description en", "Name ar", "Description ar"]}}]	10	1
39	2026-01-15 11:50:23.258553+00	7	Web Development	2	[{"changed": {"fields": ["Name ru", "Description ru", "Name en", "Description en", "Name ar", "Description ar"]}}]	10	1
40	2026-01-15 11:52:44.249399+00	8	Mobile Development (Android & iOS)	2	[{"changed": {"fields": ["Name ru", "Description ru", "Name en", "Description en", "Name ar", "Description ar"]}}]	10	1
41	2026-01-15 11:54:38.510701+00	9	CRM / ERP Tizimlar	2	[{"changed": {"fields": ["Name ru", "Description ru", "Name en", "Description en", "Name ar", "Description ar"]}}]	10	1
42	2026-01-15 11:55:19.747851+00	4	IT Konsalting & Texnik Qo‘llab-quvvatlash	2	[{"changed": {"fields": ["Description ru", "Description en", "Description ar"]}}]	10	1
43	2026-01-15 11:55:56.830735+00	5	Server, Cloud & DevOps	2	[{"changed": {"fields": ["Description ar"]}}]	10	1
44	2026-01-15 11:56:10.309551+00	6	UI/UX & Product Design	2	[{"changed": {"fields": ["Description ar"]}}]	10	1
45	2026-01-15 11:56:22.585471+00	7	Web Development	2	[{"changed": {"fields": ["Description ru", "Description en", "Description ar"]}}]	10	1
46	2026-01-15 11:56:37.347362+00	8	Mobile Development (Android & iOS)	2	[{"changed": {"fields": ["Description ar"]}}]	10	1
47	2026-01-15 11:58:45.486164+00	10	Integratsiya & Analitika	2	[{"changed": {"fields": ["Name ru", "Description ru", "Name en", "Description en", "Name ar", "Description ar"]}}]	10	1
48	2026-01-15 12:00:33.693655+00	11	Axborot Xavfsizligi	2	[{"changed": {"fields": ["Name ru", "Description ru", "Name en", "Description en", "Name ar", "Description ar"]}}]	10	1
49	2026-01-15 12:01:07.013663+00	1	w	3		8	1
50	2026-01-15 12:01:07.013738+00	2	as	3		8	1
51	2026-01-15 12:01:35.726408+00	2	About Us	3		7	1
52	2026-01-15 12:02:48.713483+00	3	About Us	2	[{"changed": {"fields": ["Text ru", "Text en", "Text ar"]}}]	7	1
53	2026-01-15 12:13:08.328559+00	3	test2: IT sohasida eng zorlaridan bir	2	[{"changed": {"fields": ["Text ru", "Text en", "Text ar"]}}]	15	1
54	2026-01-15 12:27:13.932644+00	3	About Us	2	[{"changed": {"fields": ["Text uz", "Text ru", "Text en", "Text ar"]}}]	7	1
55	2026-01-15 12:30:44.552099+00	3	kategoriya	1	[{"added": {}}]	8	1
56	2026-01-15 12:31:34.917657+00	3	kategoriya	3		8	1
57	2026-01-15 12:31:44.834966+00	2	a: saresgdg	3		15	1
58	2026-01-15 12:33:49.700187+00	2	professiya	1	[{"added": {}}]	9	1
59	2026-01-15 12:34:22.196066+00	2	professiya	3		9	1
\.


--
-- Data for Name: django_content_type; Type: TABLE DATA; Schema: public; Owner: infonex
--

COPY public.django_content_type (id, app_label, model) FROM stdin;
1	admin	logentry
2	auth	permission
3	auth	group
4	auth	user
5	contenttypes	contenttype
6	sessions	session
7	app	aboutus
8	app	category
9	app	profession
10	app	service
11	app	project
12	app	projectimage
13	app	contact
14	app	team
15	app	comment
16	app	faq
\.


--
-- Data for Name: django_migrations; Type: TABLE DATA; Schema: public; Owner: infonex
--

COPY public.django_migrations (id, app, name, applied) FROM stdin;
1	contenttypes	0001_initial	2026-01-15 10:03:08.305292+00
2	auth	0001_initial	2026-01-15 10:03:08.617275+00
3	admin	0001_initial	2026-01-15 10:03:08.68947+00
4	admin	0002_logentry_remove_auto_add	2026-01-15 10:03:08.709072+00
5	admin	0003_logentry_add_action_flag_choices	2026-01-15 10:03:08.731966+00
6	app	0001_initial	2026-01-15 10:03:08.985059+00
7	app	0002_service_description	2026-01-15 10:03:09.001141+00
8	app	0003_comment	2026-01-15 10:03:09.042581+00
9	app	0004_add_multilingual_fields	2026-01-15 10:03:09.352981+00
10	app	0005_migrate_multilingual_fields	2026-01-15 10:03:09.858076+00
11	app	0006_restore_single_fields	2026-01-15 10:03:10.063706+00
12	app	0007_projectimage_is_main	2026-01-15 10:03:10.092791+00
13	app	0008_rename_type_project_category	2026-01-15 10:03:10.106479+00
14	app	0009_project_services	2026-01-15 10:03:10.181363+00
15	app	0010_faq	2026-01-15 10:03:10.208208+00
16	contenttypes	0002_remove_content_type_name	2026-01-15 10:03:10.276205+00
17	auth	0002_alter_permission_name_max_length	2026-01-15 10:03:10.291392+00
18	auth	0003_alter_user_email_max_length	2026-01-15 10:03:10.309446+00
19	auth	0004_alter_user_username_opts	2026-01-15 10:03:10.410646+00
20	auth	0005_alter_user_last_login_null	2026-01-15 10:03:10.42511+00
21	auth	0006_require_contenttypes_0002	2026-01-15 10:03:10.428823+00
22	auth	0007_alter_validators_add_error_messages	2026-01-15 10:03:10.441788+00
23	auth	0008_alter_user_username_max_length	2026-01-15 10:03:10.467753+00
24	auth	0009_alter_user_last_name_max_length	2026-01-15 10:03:10.483685+00
25	auth	0010_alter_group_name_max_length	2026-01-15 10:03:10.502641+00
26	auth	0011_update_proxy_permissions	2026-01-15 10:03:10.526029+00
27	auth	0012_alter_user_first_name_max_length	2026-01-15 10:03:10.550713+00
28	sessions	0001_initial	2026-01-15 10:03:10.5895+00
\.


--
-- Data for Name: django_session; Type: TABLE DATA; Schema: public; Owner: infonex
--

COPY public.django_session (session_key, session_data, expire_date) FROM stdin;
ecsvs4bse66mg975snsosq5wxh0ex6gq	.eJxVjEEOwiAQRe_C2hCYUKAu3XsGMjOMUjWQlHbVeHdt0oVu_3vvbyrhupS0dpnTlNVZWXX63Qj5KXUH-YH13jS3uswT6V3RB-362rK8Lof7d1Cwl289sEWbAW8jsAFy1vo4uhjdEMiwy8wmeMAIEj0SREYTrAcjLjgSQfX-AM8LN4o:1vgKCc:S-KbhSiD4uR6WTaSPRRqLzTzY0tySrzoKOnx_TcpXq8	2026-01-29 10:03:42.158369+00
ri19v3xln81xjgdypvlytx0xeqcj5itq	.eJxVjEEOwiAQRe_C2hCYUKAu3XsGMjOMUjWQlHbVeHdt0oVu_3vvbyrhupS0dpnTlNVZWXX63Qj5KXUH-YH13jS3uswT6V3RB-362rK8Lof7d1Cwl289sEWbAW8jsAFy1vo4uhjdEMiwy8wmeMAIEj0SREYTrAcjLjgSQfX-AM8LN4o:1vgKFD:fTjmKhQ11pkRwoSVmsICIOkCOuBZIxHDO_IUj7v8hAw	2026-01-29 10:06:23.488933+00
9fq41badn0bt88idn3jyu6xnng216tgf	.eJxVjEEOwiAQRe_C2hCYUKAu3XsGMjOMUjWQlHbVeHdt0oVu_3vvbyrhupS0dpnTlNVZWXX63Qj5KXUH-YH13jS3uswT6V3RB-362rK8Lof7d1Cwl289sEWbAW8jsAFy1vo4uhjdEMiwy8wmeMAIEj0SREYTrAcjLjgSQfX-AM8LN4o:1vgKIE:1t_eMJOpdBDVMcGLsByj30aBg77IkVoB8ysNLpqr138	2026-01-29 10:09:30.560677+00
f4e4hi3g7su9xp3jbo4woiovxarwbchg	.eJxVjEEOwiAQRe_C2hCYUKAu3XsGMjOMUjWQlHbVeHdt0oVu_3vvbyrhupS0dpnTlNVZWXX63Qj5KXUH-YH13jS3uswT6V3RB-362rK8Lof7d1Cwl289sEWbAW8jsAFy1vo4uhjdEMiwy8wmeMAIEj0SREYTrAcjLjgSQfX-AM8LN4o:1vgKZC:bM3ybvkVoKwiB9DLfYxVNOwpQ7rYRD3RYD3a_LY41b8	2026-01-29 10:27:02.160353+00
\.


--
-- Name: app_aboutus_id_seq; Type: SEQUENCE SET; Schema: public; Owner: infonex
--

SELECT pg_catalog.setval('public.app_aboutus_id_seq', 3, true);


--
-- Name: app_category_id_seq; Type: SEQUENCE SET; Schema: public; Owner: infonex
--

SELECT pg_catalog.setval('public.app_category_id_seq', 3, true);


--
-- Name: app_comment_id_seq; Type: SEQUENCE SET; Schema: public; Owner: infonex
--

SELECT pg_catalog.setval('public.app_comment_id_seq', 5, true);


--
-- Name: app_contact_id_seq; Type: SEQUENCE SET; Schema: public; Owner: infonex
--

SELECT pg_catalog.setval('public.app_contact_id_seq', 1, false);


--
-- Name: app_faq_id_seq; Type: SEQUENCE SET; Schema: public; Owner: infonex
--

SELECT pg_catalog.setval('public.app_faq_id_seq', 1, false);


--
-- Name: app_profession_id_seq; Type: SEQUENCE SET; Schema: public; Owner: infonex
--

SELECT pg_catalog.setval('public.app_profession_id_seq', 2, true);


--
-- Name: app_project_id_seq; Type: SEQUENCE SET; Schema: public; Owner: infonex
--

SELECT pg_catalog.setval('public.app_project_id_seq', 1, false);


--
-- Name: app_project_services_id_seq; Type: SEQUENCE SET; Schema: public; Owner: infonex
--

SELECT pg_catalog.setval('public.app_project_services_id_seq', 1, false);


--
-- Name: app_project_type_id_seq; Type: SEQUENCE SET; Schema: public; Owner: infonex
--

SELECT pg_catalog.setval('public.app_project_type_id_seq', 1, false);


--
-- Name: app_projectimage_id_seq; Type: SEQUENCE SET; Schema: public; Owner: infonex
--

SELECT pg_catalog.setval('public.app_projectimage_id_seq', 1, false);


--
-- Name: app_service_id_seq; Type: SEQUENCE SET; Schema: public; Owner: infonex
--

SELECT pg_catalog.setval('public.app_service_id_seq', 11, true);


--
-- Name: app_team_id_seq; Type: SEQUENCE SET; Schema: public; Owner: infonex
--

SELECT pg_catalog.setval('public.app_team_id_seq', 1, false);


--
-- Name: auth_group_id_seq; Type: SEQUENCE SET; Schema: public; Owner: infonex
--

SELECT pg_catalog.setval('public.auth_group_id_seq', 1, false);


--
-- Name: auth_group_permissions_id_seq; Type: SEQUENCE SET; Schema: public; Owner: infonex
--

SELECT pg_catalog.setval('public.auth_group_permissions_id_seq', 1, false);


--
-- Name: auth_permission_id_seq; Type: SEQUENCE SET; Schema: public; Owner: infonex
--

SELECT pg_catalog.setval('public.auth_permission_id_seq', 64, true);


--
-- Name: auth_user_groups_id_seq; Type: SEQUENCE SET; Schema: public; Owner: infonex
--

SELECT pg_catalog.setval('public.auth_user_groups_id_seq', 1, false);


--
-- Name: auth_user_id_seq; Type: SEQUENCE SET; Schema: public; Owner: infonex
--

SELECT pg_catalog.setval('public.auth_user_id_seq', 1, true);


--
-- Name: auth_user_user_permissions_id_seq; Type: SEQUENCE SET; Schema: public; Owner: infonex
--

SELECT pg_catalog.setval('public.auth_user_user_permissions_id_seq', 1, false);


--
-- Name: django_admin_log_id_seq; Type: SEQUENCE SET; Schema: public; Owner: infonex
--

SELECT pg_catalog.setval('public.django_admin_log_id_seq', 59, true);


--
-- Name: django_content_type_id_seq; Type: SEQUENCE SET; Schema: public; Owner: infonex
--

SELECT pg_catalog.setval('public.django_content_type_id_seq', 16, true);


--
-- Name: django_migrations_id_seq; Type: SEQUENCE SET; Schema: public; Owner: infonex
--

SELECT pg_catalog.setval('public.django_migrations_id_seq', 28, true);


--
-- Name: app_aboutus app_aboutus_pkey; Type: CONSTRAINT; Schema: public; Owner: infonex
--

ALTER TABLE ONLY public.app_aboutus
    ADD CONSTRAINT app_aboutus_pkey PRIMARY KEY (id);


--
-- Name: app_category app_category_name_uz_adac0547_uniq; Type: CONSTRAINT; Schema: public; Owner: infonex
--

ALTER TABLE ONLY public.app_category
    ADD CONSTRAINT app_category_name_uz_adac0547_uniq UNIQUE (name_uz);


--
-- Name: app_category app_category_pkey; Type: CONSTRAINT; Schema: public; Owner: infonex
--

ALTER TABLE ONLY public.app_category
    ADD CONSTRAINT app_category_pkey PRIMARY KEY (id);


--
-- Name: app_comment app_comment_pkey; Type: CONSTRAINT; Schema: public; Owner: infonex
--

ALTER TABLE ONLY public.app_comment
    ADD CONSTRAINT app_comment_pkey PRIMARY KEY (id);


--
-- Name: app_contact app_contact_pkey; Type: CONSTRAINT; Schema: public; Owner: infonex
--

ALTER TABLE ONLY public.app_contact
    ADD CONSTRAINT app_contact_pkey PRIMARY KEY (id);


--
-- Name: app_faq app_faq_pkey; Type: CONSTRAINT; Schema: public; Owner: infonex
--

ALTER TABLE ONLY public.app_faq
    ADD CONSTRAINT app_faq_pkey PRIMARY KEY (id);


--
-- Name: app_profession app_profession_pkey; Type: CONSTRAINT; Schema: public; Owner: infonex
--

ALTER TABLE ONLY public.app_profession
    ADD CONSTRAINT app_profession_pkey PRIMARY KEY (id);


--
-- Name: app_profession app_profession_title_uz_8116d4a4_uniq; Type: CONSTRAINT; Schema: public; Owner: infonex
--

ALTER TABLE ONLY public.app_profession
    ADD CONSTRAINT app_profession_title_uz_8116d4a4_uniq UNIQUE (title_uz);


--
-- Name: app_project app_project_pkey; Type: CONSTRAINT; Schema: public; Owner: infonex
--

ALTER TABLE ONLY public.app_project
    ADD CONSTRAINT app_project_pkey PRIMARY KEY (id);


--
-- Name: app_project_services app_project_services_pkey; Type: CONSTRAINT; Schema: public; Owner: infonex
--

ALTER TABLE ONLY public.app_project_services
    ADD CONSTRAINT app_project_services_pkey PRIMARY KEY (id);


--
-- Name: app_project_services app_project_services_project_id_service_id_9cb5dd82_uniq; Type: CONSTRAINT; Schema: public; Owner: infonex
--

ALTER TABLE ONLY public.app_project_services
    ADD CONSTRAINT app_project_services_project_id_service_id_9cb5dd82_uniq UNIQUE (project_id, service_id);


--
-- Name: app_project_category app_project_type_pkey; Type: CONSTRAINT; Schema: public; Owner: infonex
--

ALTER TABLE ONLY public.app_project_category
    ADD CONSTRAINT app_project_type_pkey PRIMARY KEY (id);


--
-- Name: app_project_category app_project_type_project_id_category_id_2d342510_uniq; Type: CONSTRAINT; Schema: public; Owner: infonex
--

ALTER TABLE ONLY public.app_project_category
    ADD CONSTRAINT app_project_type_project_id_category_id_2d342510_uniq UNIQUE (project_id, category_id);


--
-- Name: app_projectimage app_projectimage_pkey; Type: CONSTRAINT; Schema: public; Owner: infonex
--

ALTER TABLE ONLY public.app_projectimage
    ADD CONSTRAINT app_projectimage_pkey PRIMARY KEY (id);


--
-- Name: app_service app_service_name_uz_2747184f_uniq; Type: CONSTRAINT; Schema: public; Owner: infonex
--

ALTER TABLE ONLY public.app_service
    ADD CONSTRAINT app_service_name_uz_2747184f_uniq UNIQUE (name_uz);


--
-- Name: app_service app_service_pkey; Type: CONSTRAINT; Schema: public; Owner: infonex
--

ALTER TABLE ONLY public.app_service
    ADD CONSTRAINT app_service_pkey PRIMARY KEY (id);


--
-- Name: app_team app_team_pkey; Type: CONSTRAINT; Schema: public; Owner: infonex
--

ALTER TABLE ONLY public.app_team
    ADD CONSTRAINT app_team_pkey PRIMARY KEY (id);


--
-- Name: auth_group auth_group_name_key; Type: CONSTRAINT; Schema: public; Owner: infonex
--

ALTER TABLE ONLY public.auth_group
    ADD CONSTRAINT auth_group_name_key UNIQUE (name);


--
-- Name: auth_group_permissions auth_group_permissions_group_id_permission_id_0cd325b0_uniq; Type: CONSTRAINT; Schema: public; Owner: infonex
--

ALTER TABLE ONLY public.auth_group_permissions
    ADD CONSTRAINT auth_group_permissions_group_id_permission_id_0cd325b0_uniq UNIQUE (group_id, permission_id);


--
-- Name: auth_group_permissions auth_group_permissions_pkey; Type: CONSTRAINT; Schema: public; Owner: infonex
--

ALTER TABLE ONLY public.auth_group_permissions
    ADD CONSTRAINT auth_group_permissions_pkey PRIMARY KEY (id);


--
-- Name: auth_group auth_group_pkey; Type: CONSTRAINT; Schema: public; Owner: infonex
--

ALTER TABLE ONLY public.auth_group
    ADD CONSTRAINT auth_group_pkey PRIMARY KEY (id);


--
-- Name: auth_permission auth_permission_content_type_id_codename_01ab375a_uniq; Type: CONSTRAINT; Schema: public; Owner: infonex
--

ALTER TABLE ONLY public.auth_permission
    ADD CONSTRAINT auth_permission_content_type_id_codename_01ab375a_uniq UNIQUE (content_type_id, codename);


--
-- Name: auth_permission auth_permission_pkey; Type: CONSTRAINT; Schema: public; Owner: infonex
--

ALTER TABLE ONLY public.auth_permission
    ADD CONSTRAINT auth_permission_pkey PRIMARY KEY (id);


--
-- Name: auth_user_groups auth_user_groups_pkey; Type: CONSTRAINT; Schema: public; Owner: infonex
--

ALTER TABLE ONLY public.auth_user_groups
    ADD CONSTRAINT auth_user_groups_pkey PRIMARY KEY (id);


--
-- Name: auth_user_groups auth_user_groups_user_id_group_id_94350c0c_uniq; Type: CONSTRAINT; Schema: public; Owner: infonex
--

ALTER TABLE ONLY public.auth_user_groups
    ADD CONSTRAINT auth_user_groups_user_id_group_id_94350c0c_uniq UNIQUE (user_id, group_id);


--
-- Name: auth_user auth_user_pkey; Type: CONSTRAINT; Schema: public; Owner: infonex
--

ALTER TABLE ONLY public.auth_user
    ADD CONSTRAINT auth_user_pkey PRIMARY KEY (id);


--
-- Name: auth_user_user_permissions auth_user_user_permissions_pkey; Type: CONSTRAINT; Schema: public; Owner: infonex
--

ALTER TABLE ONLY public.auth_user_user_permissions
    ADD CONSTRAINT auth_user_user_permissions_pkey PRIMARY KEY (id);


--
-- Name: auth_user_user_permissions auth_user_user_permissions_user_id_permission_id_14a6b632_uniq; Type: CONSTRAINT; Schema: public; Owner: infonex
--

ALTER TABLE ONLY public.auth_user_user_permissions
    ADD CONSTRAINT auth_user_user_permissions_user_id_permission_id_14a6b632_uniq UNIQUE (user_id, permission_id);


--
-- Name: auth_user auth_user_username_key; Type: CONSTRAINT; Schema: public; Owner: infonex
--

ALTER TABLE ONLY public.auth_user
    ADD CONSTRAINT auth_user_username_key UNIQUE (username);


--
-- Name: django_admin_log django_admin_log_pkey; Type: CONSTRAINT; Schema: public; Owner: infonex
--

ALTER TABLE ONLY public.django_admin_log
    ADD CONSTRAINT django_admin_log_pkey PRIMARY KEY (id);


--
-- Name: django_content_type django_content_type_app_label_model_76bd3d3b_uniq; Type: CONSTRAINT; Schema: public; Owner: infonex
--

ALTER TABLE ONLY public.django_content_type
    ADD CONSTRAINT django_content_type_app_label_model_76bd3d3b_uniq UNIQUE (app_label, model);


--
-- Name: django_content_type django_content_type_pkey; Type: CONSTRAINT; Schema: public; Owner: infonex
--

ALTER TABLE ONLY public.django_content_type
    ADD CONSTRAINT django_content_type_pkey PRIMARY KEY (id);


--
-- Name: django_migrations django_migrations_pkey; Type: CONSTRAINT; Schema: public; Owner: infonex
--

ALTER TABLE ONLY public.django_migrations
    ADD CONSTRAINT django_migrations_pkey PRIMARY KEY (id);


--
-- Name: django_session django_session_pkey; Type: CONSTRAINT; Schema: public; Owner: infonex
--

ALTER TABLE ONLY public.django_session
    ADD CONSTRAINT django_session_pkey PRIMARY KEY (session_key);


--
-- Name: app_category_name_uz_adac0547_like; Type: INDEX; Schema: public; Owner: infonex
--

CREATE INDEX app_category_name_uz_adac0547_like ON public.app_category USING btree (name_uz varchar_pattern_ops);


--
-- Name: app_contact_service_id_a780ac37; Type: INDEX; Schema: public; Owner: infonex
--

CREATE INDEX app_contact_service_id_a780ac37 ON public.app_contact USING btree (service_id);


--
-- Name: app_profession_title_uz_8116d4a4_like; Type: INDEX; Schema: public; Owner: infonex
--

CREATE INDEX app_profession_title_uz_8116d4a4_like ON public.app_profession USING btree (title_uz varchar_pattern_ops);


--
-- Name: app_project_services_project_id_56341967; Type: INDEX; Schema: public; Owner: infonex
--

CREATE INDEX app_project_services_project_id_56341967 ON public.app_project_services USING btree (project_id);


--
-- Name: app_project_services_service_id_fafc2e7b; Type: INDEX; Schema: public; Owner: infonex
--

CREATE INDEX app_project_services_service_id_fafc2e7b ON public.app_project_services USING btree (service_id);


--
-- Name: app_project_type_category_id_e9c5bc5a; Type: INDEX; Schema: public; Owner: infonex
--

CREATE INDEX app_project_type_category_id_e9c5bc5a ON public.app_project_category USING btree (category_id);


--
-- Name: app_project_type_project_id_464a302c; Type: INDEX; Schema: public; Owner: infonex
--

CREATE INDEX app_project_type_project_id_464a302c ON public.app_project_category USING btree (project_id);


--
-- Name: app_projectimage_project_id_2cdda483; Type: INDEX; Schema: public; Owner: infonex
--

CREATE INDEX app_projectimage_project_id_2cdda483 ON public.app_projectimage USING btree (project_id);


--
-- Name: app_service_name_uz_2747184f_like; Type: INDEX; Schema: public; Owner: infonex
--

CREATE INDEX app_service_name_uz_2747184f_like ON public.app_service USING btree (name_uz varchar_pattern_ops);


--
-- Name: app_team_profession_id_49ed38d9; Type: INDEX; Schema: public; Owner: infonex
--

CREATE INDEX app_team_profession_id_49ed38d9 ON public.app_team USING btree (profession_id);


--
-- Name: auth_group_name_a6ea08ec_like; Type: INDEX; Schema: public; Owner: infonex
--

CREATE INDEX auth_group_name_a6ea08ec_like ON public.auth_group USING btree (name varchar_pattern_ops);


--
-- Name: auth_group_permissions_group_id_b120cbf9; Type: INDEX; Schema: public; Owner: infonex
--

CREATE INDEX auth_group_permissions_group_id_b120cbf9 ON public.auth_group_permissions USING btree (group_id);


--
-- Name: auth_group_permissions_permission_id_84c5c92e; Type: INDEX; Schema: public; Owner: infonex
--

CREATE INDEX auth_group_permissions_permission_id_84c5c92e ON public.auth_group_permissions USING btree (permission_id);


--
-- Name: auth_permission_content_type_id_2f476e4b; Type: INDEX; Schema: public; Owner: infonex
--

CREATE INDEX auth_permission_content_type_id_2f476e4b ON public.auth_permission USING btree (content_type_id);


--
-- Name: auth_user_groups_group_id_97559544; Type: INDEX; Schema: public; Owner: infonex
--

CREATE INDEX auth_user_groups_group_id_97559544 ON public.auth_user_groups USING btree (group_id);


--
-- Name: auth_user_groups_user_id_6a12ed8b; Type: INDEX; Schema: public; Owner: infonex
--

CREATE INDEX auth_user_groups_user_id_6a12ed8b ON public.auth_user_groups USING btree (user_id);


--
-- Name: auth_user_user_permissions_permission_id_1fbb5f2c; Type: INDEX; Schema: public; Owner: infonex
--

CREATE INDEX auth_user_user_permissions_permission_id_1fbb5f2c ON public.auth_user_user_permissions USING btree (permission_id);


--
-- Name: auth_user_user_permissions_user_id_a95ead1b; Type: INDEX; Schema: public; Owner: infonex
--

CREATE INDEX auth_user_user_permissions_user_id_a95ead1b ON public.auth_user_user_permissions USING btree (user_id);


--
-- Name: auth_user_username_6821ab7c_like; Type: INDEX; Schema: public; Owner: infonex
--

CREATE INDEX auth_user_username_6821ab7c_like ON public.auth_user USING btree (username varchar_pattern_ops);


--
-- Name: django_admin_log_content_type_id_c4bce8eb; Type: INDEX; Schema: public; Owner: infonex
--

CREATE INDEX django_admin_log_content_type_id_c4bce8eb ON public.django_admin_log USING btree (content_type_id);


--
-- Name: django_admin_log_user_id_c564eba6; Type: INDEX; Schema: public; Owner: infonex
--

CREATE INDEX django_admin_log_user_id_c564eba6 ON public.django_admin_log USING btree (user_id);


--
-- Name: django_session_expire_date_a5c62663; Type: INDEX; Schema: public; Owner: infonex
--

CREATE INDEX django_session_expire_date_a5c62663 ON public.django_session USING btree (expire_date);


--
-- Name: django_session_session_key_c0390e0f_like; Type: INDEX; Schema: public; Owner: infonex
--

CREATE INDEX django_session_session_key_c0390e0f_like ON public.django_session USING btree (session_key varchar_pattern_ops);


--
-- Name: app_contact app_contact_service_id_a780ac37_fk_app_service_id; Type: FK CONSTRAINT; Schema: public; Owner: infonex
--

ALTER TABLE ONLY public.app_contact
    ADD CONSTRAINT app_contact_service_id_a780ac37_fk_app_service_id FOREIGN KEY (service_id) REFERENCES public.app_service(id) DEFERRABLE INITIALLY DEFERRED;


--
-- Name: app_project_services app_project_services_project_id_56341967_fk_app_project_id; Type: FK CONSTRAINT; Schema: public; Owner: infonex
--

ALTER TABLE ONLY public.app_project_services
    ADD CONSTRAINT app_project_services_project_id_56341967_fk_app_project_id FOREIGN KEY (project_id) REFERENCES public.app_project(id) DEFERRABLE INITIALLY DEFERRED;


--
-- Name: app_project_services app_project_services_service_id_fafc2e7b_fk_app_service_id; Type: FK CONSTRAINT; Schema: public; Owner: infonex
--

ALTER TABLE ONLY public.app_project_services
    ADD CONSTRAINT app_project_services_service_id_fafc2e7b_fk_app_service_id FOREIGN KEY (service_id) REFERENCES public.app_service(id) DEFERRABLE INITIALLY DEFERRED;


--
-- Name: app_project_category app_project_type_category_id_e9c5bc5a_fk_app_category_id; Type: FK CONSTRAINT; Schema: public; Owner: infonex
--

ALTER TABLE ONLY public.app_project_category
    ADD CONSTRAINT app_project_type_category_id_e9c5bc5a_fk_app_category_id FOREIGN KEY (category_id) REFERENCES public.app_category(id) DEFERRABLE INITIALLY DEFERRED;


--
-- Name: app_project_category app_project_type_project_id_464a302c_fk_app_project_id; Type: FK CONSTRAINT; Schema: public; Owner: infonex
--

ALTER TABLE ONLY public.app_project_category
    ADD CONSTRAINT app_project_type_project_id_464a302c_fk_app_project_id FOREIGN KEY (project_id) REFERENCES public.app_project(id) DEFERRABLE INITIALLY DEFERRED;


--
-- Name: app_projectimage app_projectimage_project_id_2cdda483_fk_app_project_id; Type: FK CONSTRAINT; Schema: public; Owner: infonex
--

ALTER TABLE ONLY public.app_projectimage
    ADD CONSTRAINT app_projectimage_project_id_2cdda483_fk_app_project_id FOREIGN KEY (project_id) REFERENCES public.app_project(id) DEFERRABLE INITIALLY DEFERRED;


--
-- Name: app_team app_team_profession_id_49ed38d9_fk_app_profession_id; Type: FK CONSTRAINT; Schema: public; Owner: infonex
--

ALTER TABLE ONLY public.app_team
    ADD CONSTRAINT app_team_profession_id_49ed38d9_fk_app_profession_id FOREIGN KEY (profession_id) REFERENCES public.app_profession(id) DEFERRABLE INITIALLY DEFERRED;


--
-- Name: auth_group_permissions auth_group_permissio_permission_id_84c5c92e_fk_auth_perm; Type: FK CONSTRAINT; Schema: public; Owner: infonex
--

ALTER TABLE ONLY public.auth_group_permissions
    ADD CONSTRAINT auth_group_permissio_permission_id_84c5c92e_fk_auth_perm FOREIGN KEY (permission_id) REFERENCES public.auth_permission(id) DEFERRABLE INITIALLY DEFERRED;


--
-- Name: auth_group_permissions auth_group_permissions_group_id_b120cbf9_fk_auth_group_id; Type: FK CONSTRAINT; Schema: public; Owner: infonex
--

ALTER TABLE ONLY public.auth_group_permissions
    ADD CONSTRAINT auth_group_permissions_group_id_b120cbf9_fk_auth_group_id FOREIGN KEY (group_id) REFERENCES public.auth_group(id) DEFERRABLE INITIALLY DEFERRED;


--
-- Name: auth_permission auth_permission_content_type_id_2f476e4b_fk_django_co; Type: FK CONSTRAINT; Schema: public; Owner: infonex
--

ALTER TABLE ONLY public.auth_permission
    ADD CONSTRAINT auth_permission_content_type_id_2f476e4b_fk_django_co FOREIGN KEY (content_type_id) REFERENCES public.django_content_type(id) DEFERRABLE INITIALLY DEFERRED;


--
-- Name: auth_user_groups auth_user_groups_group_id_97559544_fk_auth_group_id; Type: FK CONSTRAINT; Schema: public; Owner: infonex
--

ALTER TABLE ONLY public.auth_user_groups
    ADD CONSTRAINT auth_user_groups_group_id_97559544_fk_auth_group_id FOREIGN KEY (group_id) REFERENCES public.auth_group(id) DEFERRABLE INITIALLY DEFERRED;


--
-- Name: auth_user_groups auth_user_groups_user_id_6a12ed8b_fk_auth_user_id; Type: FK CONSTRAINT; Schema: public; Owner: infonex
--

ALTER TABLE ONLY public.auth_user_groups
    ADD CONSTRAINT auth_user_groups_user_id_6a12ed8b_fk_auth_user_id FOREIGN KEY (user_id) REFERENCES public.auth_user(id) DEFERRABLE INITIALLY DEFERRED;


--
-- Name: auth_user_user_permissions auth_user_user_permi_permission_id_1fbb5f2c_fk_auth_perm; Type: FK CONSTRAINT; Schema: public; Owner: infonex
--

ALTER TABLE ONLY public.auth_user_user_permissions
    ADD CONSTRAINT auth_user_user_permi_permission_id_1fbb5f2c_fk_auth_perm FOREIGN KEY (permission_id) REFERENCES public.auth_permission(id) DEFERRABLE INITIALLY DEFERRED;


--
-- Name: auth_user_user_permissions auth_user_user_permissions_user_id_a95ead1b_fk_auth_user_id; Type: FK CONSTRAINT; Schema: public; Owner: infonex
--

ALTER TABLE ONLY public.auth_user_user_permissions
    ADD CONSTRAINT auth_user_user_permissions_user_id_a95ead1b_fk_auth_user_id FOREIGN KEY (user_id) REFERENCES public.auth_user(id) DEFERRABLE INITIALLY DEFERRED;


--
-- Name: django_admin_log django_admin_log_content_type_id_c4bce8eb_fk_django_co; Type: FK CONSTRAINT; Schema: public; Owner: infonex
--

ALTER TABLE ONLY public.django_admin_log
    ADD CONSTRAINT django_admin_log_content_type_id_c4bce8eb_fk_django_co FOREIGN KEY (content_type_id) REFERENCES public.django_content_type(id) DEFERRABLE INITIALLY DEFERRED;


--
-- Name: django_admin_log django_admin_log_user_id_c564eba6_fk_auth_user_id; Type: FK CONSTRAINT; Schema: public; Owner: infonex
--

ALTER TABLE ONLY public.django_admin_log
    ADD CONSTRAINT django_admin_log_user_id_c564eba6_fk_auth_user_id FOREIGN KEY (user_id) REFERENCES public.auth_user(id) DEFERRABLE INITIALLY DEFERRED;


--
-- PostgreSQL database dump complete
--

\unrestrict egQVoAI0n19Ny0pAR1KfXsu7qrkmlRvAlnpZnT0fB45cEsQOKctjOWrgvFmNjck

